{"cameraMode":{"drawMode":0,"name":"Shaded","section":"Shading Mode"},"sceneLighting":false,"audioPlay":false,"sceneViewState":{"m_AlwaysRefresh":false,"showFog":true,"showSkybox":false,"showFlares":true,"showImageEffects":true,"showParticleSystems":true,"showVisualEffectGraphs":true,"m_FxEnabled":true},"in2DMode":false,"pivot":{"x":-1.4864262342453004,"y":0.8663093447685242,"z":2.955034017562866},"rotation":{"x":-0.5071783065795898,"y":0.027651755139231683,"z":-0.016285516321659089,"w":-0.8612445592880249},"size":0.46658557653427126,"orthographic":false}